-- --------------------------------------------------------
-- Host:                         127.0.0.1
-- Server version:               5.5.16-log - MySQL Community Server (GPL)
-- Server OS:                    Win32
-- HeidiSQL version:             7.0.0.4053
-- Date/time:                    2013-02-03 08:22:39
-- --------------------------------------------------------

/*!40101 SET @OLD_CHARACTER_SET_CLIENT=@@CHARACTER_SET_CLIENT */;
/*!40101 SET NAMES utf8 */;
/*!40014 SET FOREIGN_KEY_CHECKS=0 */;

-- Dumping structure for table test.categories
DROP TABLE IF EXISTS `categories`;
CREATE TABLE IF NOT EXISTS `categories` (
  `id` int(8) unsigned NOT NULL AUTO_INCREMENT,
  `name` varchar(64) NOT NULL,
  `added` datetime NOT NULL,
  PRIMARY KEY (`id`)
) ENGINE=InnoDB DEFAULT CHARSET=latin1;

-- Dumping data for table test.categories: ~200 rows (approximately)
/*!40000 ALTER TABLE `categories` DISABLE KEYS */;
INSERT INTO `categories` (`id`, `name`, `added`) VALUES
	(1, 'feugiat.', '2012-10-10 05:14:44'),
	(2, 'gravida', '2013-03-06 05:42:33'),
	(3, 'Curae;', '2013-08-11 10:53:25'),
	(4, 'facilisi.', '2013-11-10 03:40:21'),
	(5, 'diam', '2012-05-06 01:40:14'),
	(6, 'lectus', '2012-04-25 10:14:25'),
	(7, 'odio', '2013-06-27 05:37:34'),
	(8, 'gravida', '2012-07-28 13:30:56'),
	(9, 'sed', '2012-02-15 02:31:23'),
	(10, 'imperdiet', '2012-07-16 10:00:23'),
	(11, 'scelerisque', '2013-09-03 05:21:11'),
	(12, 'ac,', '2012-07-12 08:04:58'),
	(13, 'dui.', '2012-03-25 21:10:04'),
	(14, 'lobortis', '2013-04-07 22:29:54'),
	(15, 'diam', '2013-10-18 00:40:49'),
	(16, 'vulputate,', '2012-12-01 08:01:28'),
	(17, 'mauris', '2012-05-01 03:04:24'),
	(18, 'nunc', '2012-07-12 19:01:13'),
	(19, 'Morbi', '2012-01-29 02:45:48'),
	(20, 'Fusce', '2012-05-24 17:35:05'),
	(21, 'et,', '2012-06-09 09:38:41'),
	(22, 'neque', '2012-03-22 21:03:08'),
	(23, 'dolor.', '2013-09-08 05:05:22'),
	(24, 'dolor,', '2012-06-14 23:37:10'),
	(25, 'suscipit', '2012-04-24 18:51:27'),
	(26, 'Donec', '2013-12-02 15:58:57'),
	(27, 'tellus', '2012-06-23 15:34:05'),
	(28, 'nec', '2012-07-26 23:18:31'),
	(29, 'Nullam', '2012-10-29 13:07:17'),
	(30, 'Nullam', '2013-02-04 22:37:20'),
	(31, 'ante', '2012-09-04 18:09:11'),
	(32, 'iaculis', '2012-10-30 07:57:13'),
	(33, 'Donec', '2012-08-31 22:57:09'),
	(34, 'Pellentesque', '2012-04-15 14:54:27'),
	(35, 'Nam', '2013-06-11 00:32:51'),
	(36, 'Aliquam', '2012-02-14 04:51:48'),
	(37, 'nec,', '2013-03-19 05:59:43'),
	(38, 'euismod', '2013-07-26 23:54:41'),
	(39, 'venenatis', '2013-01-01 14:12:25'),
	(40, 'libero', '2013-06-05 22:25:22'),
	(41, 'amet', '2012-05-07 05:01:15'),
	(42, 'purus', '2013-07-01 22:14:15'),
	(43, 'ut', '2012-11-05 16:47:21'),
	(44, 'interdum', '2013-10-16 21:00:39'),
	(45, 'pretium', '2012-12-04 21:48:34'),
	(46, 'adipiscing', '2013-12-14 13:25:00'),
	(47, 'nisi', '2013-01-21 14:57:08'),
	(48, 'ultricies', '2013-02-20 12:41:56'),
	(49, 'dui.', '2012-02-23 15:39:56'),
	(50, 'magnis', '2013-01-02 17:12:44'),
	(51, 'sit', '2012-12-21 10:30:25'),
	(52, 'molestie', '2012-03-16 22:43:49'),
	(53, 'a,', '2013-08-15 13:35:45'),
	(54, 'id', '2013-05-23 01:21:06'),
	(55, 'sodales.', '2012-06-24 17:35:16'),
	(56, 'parturient', '2013-01-08 15:49:26'),
	(57, 'auctor', '2013-10-30 16:58:17'),
	(58, 'dictum', '2013-04-26 17:37:37'),
	(59, 'nec', '2014-01-03 03:25:22'),
	(60, 'hendrerit', '2013-08-11 20:24:51'),
	(61, 'Mauris', '2013-10-27 12:22:03'),
	(62, 'Suspendisse', '2012-11-27 00:39:27'),
	(63, 'Cum', '2012-05-08 23:05:59'),
	(64, 'justo', '2012-10-11 05:23:40'),
	(65, 'vitae', '2013-05-21 05:34:33'),
	(66, 'consequat,', '2012-11-21 15:33:20'),
	(67, 'ac', '2012-06-23 18:24:42'),
	(68, 'lacus.', '2012-06-23 01:25:43'),
	(69, 'lobortis', '2012-06-07 18:56:29'),
	(70, 'metus.', '2013-08-01 13:29:59'),
	(71, 'porta', '2012-10-17 03:34:47'),
	(72, 'sit', '2013-02-08 02:52:42'),
	(73, 'quam.', '2012-03-19 14:21:47'),
	(74, 'ornare', '2012-06-13 14:22:37'),
	(75, 'fringilla', '2012-12-13 02:59:07'),
	(76, 'Nullam', '2013-03-10 21:48:36'),
	(77, 'eros.', '2013-10-22 12:03:20'),
	(78, 'auctor', '2013-07-09 08:17:59'),
	(79, 'ut', '2012-05-05 10:26:01'),
	(80, 'sem.', '2013-07-19 15:06:31'),
	(81, 'pulvinar', '2013-07-16 21:15:34'),
	(82, 'Quisque', '2012-11-06 10:38:33'),
	(83, 'velit.', '2012-07-20 23:15:18'),
	(84, 'turpis', '2013-11-25 03:25:56'),
	(85, 'gravida', '2013-09-26 19:09:28'),
	(86, 'sit', '2013-02-16 00:13:22'),
	(87, 'Suspendisse', '2013-01-12 05:45:44'),
	(88, 'vel', '2014-01-25 17:12:42'),
	(89, 'arcu.', '2012-04-25 08:53:32'),
	(90, 'ac', '2013-11-26 16:18:22'),
	(91, 'In', '2012-12-31 06:15:24'),
	(92, 'arcu', '2012-06-24 20:00:58'),
	(93, 'convallis', '2012-06-04 07:16:39'),
	(94, 'purus', '2013-06-28 10:57:17'),
	(95, 'dolor,', '2013-10-25 00:11:20'),
	(96, 'arcu.', '2012-08-17 14:22:26'),
	(97, 'neque.', '2013-01-22 06:40:31'),
	(98, 'ornare', '2012-04-16 03:42:59'),
	(99, 'rutrum', '2013-08-20 15:55:25'),
	(100, 'condimentum', '2012-07-24 16:24:00'),
	(101, 'sed', '2012-03-14 06:05:38'),
	(102, 'vel', '2013-09-24 04:00:54'),
	(103, 'Sed', '2013-07-10 17:53:52'),
	(104, 'purus,', '2013-12-18 04:45:10'),
	(105, 'interdum', '2012-06-13 13:03:55'),
	(106, 'nulla.', '2012-08-13 18:09:26'),
	(107, 'Nulla', '2012-09-24 21:19:39'),
	(108, 'in,', '2012-01-31 05:35:17'),
	(109, 'vitae,', '2012-12-27 14:43:44'),
	(110, 'justo', '2013-01-20 16:19:57'),
	(111, 'ridiculus', '2012-11-11 19:43:32'),
	(112, 'Aliquam', '2012-10-03 00:56:05'),
	(113, 'Sed', '2013-04-10 01:38:27'),
	(114, 'ac', '2012-08-23 06:54:48'),
	(115, 'bibendum.', '2013-01-05 20:50:04'),
	(116, 'vestibulum', '2012-12-07 10:27:19'),
	(117, 'ante,', '2013-06-17 01:12:08'),
	(118, 'mattis', '2013-10-20 04:40:52'),
	(119, 'rutrum', '2012-07-06 16:43:49'),
	(120, 'neque', '2013-11-10 02:48:51'),
	(121, 'egestas', '2012-06-21 15:51:42'),
	(122, 'auctor,', '2012-10-19 11:52:56'),
	(123, 'magna', '2012-10-09 10:31:14'),
	(124, 'Cum', '2012-04-29 01:15:41'),
	(125, 'lacus.', '2012-11-06 09:42:18'),
	(126, 'ligula.', '2012-02-12 23:23:10'),
	(127, 'ultrices', '2012-04-28 12:57:32'),
	(128, 'dapibus', '2012-10-01 14:27:12'),
	(129, 'Lorem', '2012-12-15 14:28:26'),
	(130, 'et,', '2012-06-24 06:35:59'),
	(131, 'ultrices,', '2013-06-23 05:29:22'),
	(132, 'auctor', '2012-03-20 21:26:26'),
	(133, 'dolor', '2012-05-24 05:50:23'),
	(134, 'at,', '2012-10-13 08:51:51'),
	(135, 'tellus.', '2012-03-30 13:27:07'),
	(136, 'Nunc', '2014-01-06 20:29:10'),
	(137, 'ut', '2013-09-21 02:18:05'),
	(138, 'dignissim', '2012-06-06 11:40:45'),
	(139, 'ipsum', '2013-03-01 21:02:28'),
	(140, 'sem', '2013-08-21 05:36:01'),
	(141, 'nec,', '2013-03-05 02:38:27'),
	(142, 'est,', '2013-12-15 12:33:31'),
	(143, 'augue', '2013-03-15 04:22:08'),
	(144, 'erat', '2013-06-24 11:21:53'),
	(145, 'semper,', '2013-04-18 09:30:21'),
	(146, 'libero.', '2013-08-08 13:23:52'),
	(147, 'elit.', '2012-12-06 07:52:45'),
	(148, 'Nulla', '2013-10-27 15:35:28'),
	(149, 'ut', '2012-02-06 14:08:26'),
	(150, 'libero', '2013-04-15 07:32:41'),
	(151, 'imperdiet', '2013-11-06 10:05:02'),
	(152, 'Mauris', '2013-04-25 17:31:02'),
	(153, 'Morbi', '2012-11-04 09:41:38'),
	(154, 'Donec', '2012-03-17 07:36:27'),
	(155, 'tincidunt', '2013-03-03 03:29:29'),
	(156, 'interdum', '2013-02-14 03:58:48'),
	(157, 'sapien,', '2012-08-12 04:39:49'),
	(158, 'nulla', '2013-09-20 20:23:22'),
	(159, 'Nullam', '2012-04-28 22:49:43'),
	(160, 'consectetuer', '2013-09-19 22:56:49'),
	(161, 'consequat', '2013-01-31 01:07:06'),
	(162, 'bibendum', '2012-06-17 15:14:03'),
	(163, 'nec,', '2012-07-23 03:42:04'),
	(164, 'lorem,', '2013-06-17 00:49:33'),
	(165, 'est,', '2013-02-03 14:15:33'),
	(166, 'diam', '2013-02-14 16:41:00'),
	(167, 'consectetuer,', '2013-10-22 13:31:18'),
	(168, 'Nullam', '2012-12-01 08:05:29'),
	(169, 'arcu.', '2013-05-20 11:14:51'),
	(170, 'tristique', '2012-11-09 11:43:25'),
	(171, 'luctus.', '2013-07-12 06:28:06'),
	(172, 'mauris.', '2013-12-30 07:05:37'),
	(173, 'tellus', '2012-09-05 07:29:43'),
	(174, 'dui', '2013-01-23 06:23:29'),
	(175, 'enim', '2012-08-24 20:50:45'),
	(176, 'pede.', '2013-05-25 05:13:28'),
	(177, 'commodo', '2013-11-17 19:59:46'),
	(178, 'metus.', '2013-08-27 10:57:47'),
	(179, 'lobortis', '2013-10-10 05:50:55'),
	(180, 'quis', '2013-12-05 08:30:22'),
	(181, 'eu', '2012-05-16 23:15:20'),
	(182, 'erat.', '2012-03-02 08:09:43'),
	(183, 'risus.', '2013-11-25 02:45:17'),
	(184, 'felis', '2013-12-18 14:39:31'),
	(185, 'netus', '2013-10-04 15:48:28'),
	(186, 'Nullam', '2014-01-02 02:29:41'),
	(187, 'gravida', '2012-04-14 14:41:03'),
	(188, 'ultrices', '2012-10-19 19:03:07'),
	(189, 'et', '2013-03-03 11:40:19'),
	(190, 'sit', '2012-08-16 12:12:21'),
	(191, 'Nam', '2013-06-20 08:06:08'),
	(192, 'hymenaeos.', '2013-04-18 09:08:37'),
	(193, 'nunc', '2012-12-10 23:29:57'),
	(194, 'aliquet.', '2012-11-18 18:52:53'),
	(195, 'porttitor', '2012-02-16 01:00:05'),
	(196, 'arcu', '2013-06-04 03:54:02'),
	(197, 'arcu', '2012-07-21 10:19:13'),
	(198, 'montes,', '2013-08-17 18:09:50'),
	(199, 'turpis.', '2012-10-12 20:28:18'),
	(200, 'feugiat', '2012-06-17 19:30:46');
/*!40000 ALTER TABLE `categories` ENABLE KEYS */;


-- Dumping structure for table test.products
DROP TABLE IF EXISTS `products`;
CREATE TABLE IF NOT EXISTS `products` (
  `id` int(8) unsigned NOT NULL AUTO_INCREMENT,
  `name` varchar(50) NOT NULL,
  `price` decimal(10,2) NOT NULL,
  `vendor_price` decimal(10,2) NOT NULL,
  `status` tinyint(1) NOT NULL,
  `added` datetime NOT NULL,
  `category_id` int(50) unsigned NOT NULL,
  `vendor_id` int(10) unsigned NOT NULL,
  PRIMARY KEY (`id`),
  KEY `vendor_id` (`vendor_id`),
  KEY `category_id` (`category_id`)
) ENGINE=InnoDB DEFAULT CHARSET=latin1;

-- Dumping data for table test.products: ~200 rows (approximately)
/*!40000 ALTER TABLE `products` DISABLE KEYS */;
INSERT INTO `products` (`id`, `name`, `price`, `vendor_price`, `status`, `added`, `category_id`, `vendor_id`) VALUES
	(1, 'ullamcorper magna.', 559791.34, 948494.00, 1, '2012-10-16 06:52:04', 735, 5),
	(2, 'in, hendrerit', 219850.00, 857361.00, 1, '2013-05-30 23:26:31', 794, 1),
	(3, 'aliquet magna', 233007.00, 997244.00, 0, '2013-07-30 05:49:59', 762, 39),
	(4, 'consequat enim', 802246.00, 619300.00, 1, '2013-10-14 13:00:21', 298, 40),
	(5, 'in faucibus', 938909.00, 710603.00, 1, '2012-05-21 14:50:29', 619, 34),
	(6, 'eu nibh', 717157.00, 113518.00, 1, '2012-07-21 13:05:34', 596, 48),
	(7, 'massa. Integer', 851385.00, 155291.00, 0, '2013-09-08 14:39:36', 721, 37),
	(8, 'Quisque libero', 668752.00, 940682.00, 1, '2013-11-19 13:56:40', 543, 43),
	(9, 'tincidunt. Donec', 817692.00, 775591.00, 1, '2012-04-30 14:46:57', 241, 1),
	(10, 'ligula. Nullam', 166739.00, 42396.00, 0, '2012-11-21 16:42:59', 922, 25),
	(11, 'ligula consectetuer', 884148.00, 860705.00, 0, '2013-01-29 12:38:32', 761, 21),
	(12, 'Ut sagittis', 581800.00, 477333.00, 1, '2013-12-16 07:18:15', 318, 31),
	(13, 'neque. Nullam', 728319.00, 168984.00, 0, '2012-02-12 15:48:57', 813, 40),
	(14, 'Quisque libero', 117905.00, 481161.00, 1, '2013-09-12 02:07:55', 866, 9),
	(15, 'rutrum magna.', 564646.00, 682738.00, 1, '2013-02-14 16:54:54', 297, 23),
	(16, 'tincidunt, nunc', 336832.00, 462778.00, 1, '2014-01-08 07:24:25', 494, 40),
	(17, 'velit. Quisque', 305037.00, 377774.00, 0, '2012-05-03 04:09:58', 356, 28),
	(18, 'nibh. Donec', 724483.00, 937192.00, 1, '2012-12-04 05:49:55', 318, 21),
	(19, 'Sed id', 688117.00, 45522.00, 0, '2012-04-07 20:30:33', 917, 20),
	(20, 'neque sed', 313591.00, 34146.00, 0, '2012-11-01 13:21:16', 145, 37),
	(21, 'Curabitur consequat,', 362837.00, 708733.00, 1, '2012-06-19 02:36:39', 163, 23),
	(22, 'sed tortor.', 504817.00, 499004.00, 0, '2013-08-19 02:22:12', 471, 5),
	(23, 'velit eget', 852122.00, 775137.00, 0, '2013-12-09 13:03:09', 98, 5),
	(24, 'sagittis semper.', 508355.00, 821882.00, 0, '2013-08-28 03:01:26', 124, 10),
	(25, 'est mauris,', 322512.00, 811755.00, 0, '2013-09-14 11:40:41', 747, 32),
	(26, 'faucibus orci', 42538.00, 59877.00, 1, '2013-05-05 10:09:01', 382, 31),
	(27, 'mi pede,', 661334.00, 744465.00, 1, '2012-06-01 23:26:15', 244, 9),
	(28, 'consectetuer ipsum', 917467.00, 748079.00, 0, '2013-04-16 22:14:15', 386, 2),
	(29, 'non dui', 398271.00, 237135.00, 1, '2012-09-18 22:37:43', 769, 34),
	(30, 'eu odio', 123845.00, 277030.00, 0, '2012-09-05 07:00:54', 192, 11),
	(31, 'Nulla tincidunt,', 295502.00, 514078.00, 0, '2012-07-16 03:14:57', 481, 4),
	(32, 'aptent taciti', 940419.00, 522645.00, 0, '2012-02-28 12:18:39', 703, 36),
	(33, 'sem semper', 524204.00, 363894.00, 1, '2013-05-24 20:28:51', 437, 17),
	(34, 'amet nulla.', 555375.00, 354366.00, 0, '2012-07-23 14:26:05', 962, 28),
	(35, 'In scelerisque', 573414.00, 359286.00, 1, '2012-07-11 03:14:35', 567, 38),
	(36, 'non lorem', 311049.00, 690574.00, 0, '2012-05-18 13:31:52', 468, 4),
	(37, 'ultricies adipiscing,', 805658.00, 762966.00, 0, '2012-02-10 14:57:23', 19, 7),
	(38, 'nec, mollis', 656581.00, 958498.00, 1, '2012-07-02 18:11:22', 977, 23),
	(39, 'ante blandit', 669992.00, 501025.00, 0, '2012-04-07 08:59:11', 319, 44),
	(40, 'vulputate, lacus.', 632106.00, 874105.00, 0, '2012-04-29 05:19:52', 988, 49),
	(41, 'Donec elementum,', 31668.00, 560753.00, 0, '2012-12-14 22:01:00', 9, 15),
	(42, 'Vivamus non', 322365.00, 319230.00, 1, '2013-10-27 13:44:03', 728, 25),
	(43, 'Etiam laoreet,', 700196.00, 533012.00, 1, '2013-05-30 18:41:39', 97, 31),
	(44, 'sed turpis', 792734.00, 752993.00, 1, '2013-11-20 05:43:08', 559, 27),
	(45, 'luctus et', 170647.00, 228444.00, 0, '2012-08-17 01:03:31', 196, 43),
	(46, 'Curabitur egestas', 168762.00, 827704.00, 0, '2012-05-11 15:28:02', 462, 32),
	(47, 'pede. Cras', 256397.00, 492718.00, 0, '2013-08-21 04:54:34', 451, 32),
	(48, 'sed dolor.', 503279.00, 773165.00, 1, '2013-02-19 21:10:53', 322, 14),
	(49, 'sed dolor.', 606823.00, 21531.00, 0, '2013-08-08 18:18:40', 157, 25),
	(50, 'eu eros.', 584621.00, 949216.00, 1, '2013-05-30 14:58:12', 95, 31),
	(51, 'amet, risus.', 600749.00, 264857.00, 1, '2013-09-21 22:48:29', 832, 28),
	(52, 'accumsan convallis,', 283284.00, 348.00, 0, '2013-01-11 00:19:59', 705, 49),
	(53, 'convallis, ante', 103201.00, 960957.00, 1, '2013-06-25 15:45:35', 479, 8),
	(54, 'eleifend. Cras', 455014.00, 982275.00, 0, '2013-10-17 02:43:12', 276, 42),
	(55, 'porttitor eros', 685441.00, 881964.00, 0, '2012-09-27 20:28:43', 719, 35),
	(56, 'dolor quam,', 443082.00, 303591.00, 1, '2012-03-30 11:34:39', 315, 49),
	(57, 'Sed malesuada', 495330.00, 914766.00, 1, '2013-06-03 00:28:02', 232, 38),
	(58, 'Sed congue,', 123110.00, 514724.00, 1, '2013-08-05 14:13:26', 412, 44),
	(59, 'nec urna', 208098.00, 514468.00, 0, '2013-07-28 14:07:44', 163, 4),
	(60, 'eget laoreet', 591999.00, 617226.00, 1, '2012-08-26 21:19:33', 777, 39),
	(61, 'et, euismod', 279349.00, 462361.00, 1, '2012-03-12 05:46:17', 605, 32),
	(62, 'dictum eu,', 812778.00, 47570.00, 0, '2012-07-15 03:21:59', 801, 43),
	(63, 'Maecenas iaculis', 882721.00, 295769.00, 0, '2013-09-16 08:39:16', 546, 19),
	(64, 'euismod enim.', 22704.00, 668486.00, 0, '2012-10-10 21:29:19', 770, 15),
	(65, 'tincidunt aliquam', 261216.00, 977501.00, 1, '2012-02-02 11:20:16', 442, 17),
	(66, 'mauris, rhoncus', 587684.00, 33456.00, 1, '2012-02-10 04:21:45', 564, 41),
	(67, 'at fringilla', 649307.00, 842771.00, 0, '2012-08-02 16:17:53', 424, 2),
	(68, 'sit amet,', 454067.00, 236416.00, 0, '2012-05-22 17:13:23', 939, 37),
	(69, 'rutrum. Fusce', 856415.00, 821707.00, 0, '2013-01-12 14:20:51', 133, 30),
	(70, 'tristique ac,', 859831.00, 155470.00, 0, '2012-05-18 22:31:37', 902, 38),
	(71, 'mattis ornare,', 115322.00, 162978.00, 1, '2012-06-04 10:39:56', 710, 49),
	(72, 'lobortis tellus', 42087.00, 297225.00, 1, '2013-06-05 14:38:35', 800, 29),
	(73, 'blandit. Nam', 448267.00, 448333.00, 1, '2012-09-29 11:04:58', 722, 47),
	(74, 'metus. Aliquam', 150677.00, 175069.00, 0, '2013-03-26 01:16:56', 646, 48),
	(75, 'odio. Aliquam', 145240.00, 501919.00, 1, '2012-12-15 22:53:33', 478, 48),
	(76, 'Cras dolor', 302844.00, 337694.00, 1, '2014-01-12 14:52:04', 339, 47),
	(77, 'egestas rhoncus.', 715027.00, 453734.00, 0, '2012-06-30 04:39:53', 618, 40),
	(78, 'sem molestie', 6868.00, 659487.00, 0, '2012-10-29 04:30:23', 645, 10),
	(79, 'elementum, dui', 321147.00, 93025.00, 1, '2013-12-20 05:49:48', 25, 30),
	(80, 'In at', 778815.00, 175242.00, 1, '2012-08-17 11:31:55', 888, 17),
	(81, 'ipsum ac', 103150.00, 32440.00, 0, '2012-06-03 18:05:42', 39, 47),
	(82, 'enim, gravida', 957350.00, 341754.00, 1, '2012-08-28 04:39:37', 748, 33),
	(83, 'dis parturient', 87451.00, 462530.00, 0, '2013-09-16 11:22:39', 490, 24),
	(84, 'tincidunt aliquam', 297173.00, 496752.00, 1, '2012-10-15 06:14:56', 758, 21),
	(85, 'mollis nec,', 197930.00, 78819.00, 0, '2012-07-05 22:46:12', 105, 32),
	(86, 'Sed nunc', 48560.00, 883588.00, 0, '2012-04-06 02:13:03', 38, 46),
	(87, 'fermentum convallis', 99372.00, 140804.00, 1, '2013-05-16 03:53:22', 423, 35),
	(88, 'Nunc mauris', 313528.00, 379386.00, 1, '2012-10-24 12:53:57', 162, 36),
	(89, 'ante. Vivamus', 201633.00, 248973.00, 1, '2013-01-27 20:34:04', 336, 24),
	(90, 'congue. In', 669350.00, 632705.00, 0, '2013-10-27 15:29:35', 409, 13),
	(91, 'Maecenas malesuada', 377117.00, 606695.00, 0, '2013-12-29 12:53:43', 612, 40),
	(92, 'quis urna.', 572579.00, 660211.00, 1, '2013-07-22 16:06:37', 852, 11),
	(93, 'Nunc ullamcorper,', 365843.00, 950575.00, 1, '2013-04-25 15:54:09', 170, 35),
	(94, 'nulla. Integer', 18382.00, 482597.00, 1, '2012-07-14 14:40:31', 540, 40),
	(95, 'natoque penatibus', 878886.00, 741483.00, 1, '2013-06-01 01:21:30', 469, 46),
	(96, 'cursus. Integer', 631948.00, 137655.00, 1, '2012-06-05 05:13:34', 868, 11),
	(97, 'luctus. Curabitur', 100095.00, 244672.00, 0, '2013-05-30 08:14:24', 570, 14),
	(98, 'Nullam scelerisque', 864584.00, 141868.00, 1, '2012-05-29 06:31:38', 460, 37),
	(99, 'eget laoreet', 214397.00, 825482.00, 1, '2013-04-10 15:34:45', 54, 44),
	(100, 'posuere, enim', 316256.00, 71446.00, 0, '2012-03-01 02:01:36', 69, 9),
	(101, 'massa non', 121266.00, 947138.00, 0, '2012-12-08 01:10:33', 15, 10),
	(102, 'aliquet libero.', 429791.00, 646305.00, 1, '2014-01-08 18:21:30', 140, 23),
	(103, 'id, blandit', 99518.00, 239604.00, 1, '2013-05-20 05:59:24', 253, 34),
	(104, 'fermentum risus,', 614852.00, 117216.00, 1, '2012-05-17 17:11:41', 132, 1),
	(105, 'elit, pretium', 943833.00, 345779.00, 0, '2013-07-02 11:05:06', 888, 1),
	(106, 'augue ut', 396886.00, 203733.00, 0, '2013-06-26 15:46:24', 875, 3),
	(107, 'ornare. In', 81584.00, 995298.00, 0, '2013-01-16 09:44:51', 435, 10),
	(108, 'nec urna', 634565.00, 864152.00, 1, '2013-03-17 18:53:00', 188, 41),
	(109, 'elit. Curabitur', 169818.00, 287179.00, 0, '2013-12-01 17:34:40', 929, 23),
	(110, 'nulla ante,', 52159.00, 543200.00, 1, '2012-03-20 05:24:35', 3, 42),
	(111, 'vel lectus.', 233880.00, 946752.00, 0, '2012-08-11 04:19:31', 637, 39),
	(112, 'In lorem.', 419205.00, 33101.00, 0, '2013-07-06 15:08:39', 890, 21),
	(113, 'consectetuer ipsum', 309945.00, 971078.00, 1, '2012-07-12 10:51:17', 530, 36),
	(114, 'justo faucibus', 912084.00, 163632.00, 0, '2013-02-20 08:18:21', 569, 19),
	(115, 'rutrum lorem', 273251.00, 737861.00, 1, '2012-04-14 15:51:14', 517, 35),
	(116, 'placerat, orci', 178283.00, 568675.00, 0, '2013-02-07 15:09:19', 836, 17),
	(117, 'hendrerit. Donec', 883991.00, 69189.00, 1, '2013-04-26 15:03:41', 905, 30),
	(118, 'est arcu', 352575.00, 323557.00, 1, '2012-05-04 06:18:22', 391, 50),
	(119, 'Nulla facilisi.', 645636.00, 700481.00, 0, '2012-02-24 00:41:32', 549, 9),
	(120, 'et ultrices', 589566.00, 460149.00, 0, '2012-05-12 16:59:29', 860, 45),
	(121, 'tincidunt pede', 744472.00, 132407.00, 1, '2013-11-17 13:00:11', 383, 45),
	(122, 'nascetur ridiculus', 432262.00, 561226.00, 0, '2013-04-14 02:00:25', 642, 42),
	(123, 'velit. Sed', 789191.00, 525661.00, 0, '2013-12-28 12:22:05', 308, 25),
	(124, 'neque sed', 171126.00, 660112.00, 1, '2012-04-28 09:26:48', 910, 48),
	(125, 'scelerisque mollis.', 966620.00, 555264.00, 1, '2012-04-13 21:46:52', 151, 13),
	(126, 'Sed nunc', 980675.00, 740312.00, 1, '2013-10-24 09:13:04', 374, 20),
	(127, 'ac facilisis', 591669.00, 118325.00, 1, '2012-06-18 08:51:18', 358, 12),
	(128, 'dolor. Fusce', 380796.00, 789983.00, 0, '2012-09-06 15:14:27', 599, 50),
	(129, 'eleifend, nunc', 459028.00, 387583.00, 1, '2013-01-17 07:12:04', 925, 15),
	(130, 'Vivamus rhoncus.', 387325.00, 95875.00, 0, '2012-09-09 21:34:06', 141, 21),
	(131, 'tortor. Integer', 405878.00, 107514.00, 1, '2013-05-04 11:28:18', 158, 12),
	(132, 'luctus lobortis.', 664095.00, 137681.00, 1, '2013-11-24 11:40:24', 228, 44),
	(133, 'sit amet,', 598039.00, 819241.00, 1, '2013-06-20 17:15:33', 330, 34),
	(134, 'id ante', 131126.00, 710708.00, 1, '2012-12-05 07:56:40', 194, 39),
	(135, 'auctor non,', 398596.00, 652647.00, 1, '2013-04-13 11:48:43', 356, 41),
	(136, 'pretium et,', 391801.00, 743233.00, 1, '2012-09-20 20:05:56', 748, 37),
	(137, 'mi tempor', 678775.00, 152910.00, 1, '2013-05-26 13:51:29', 240, 13),
	(138, 'non, feugiat', 249899.00, 903635.00, 0, '2012-12-02 22:55:01', 249, 3),
	(139, 'semper. Nam', 959129.00, 846508.00, 1, '2013-01-06 06:26:30', 589, 27),
	(140, 'augue id', 127408.00, 720113.00, 1, '2012-07-08 06:59:59', 95, 24),
	(141, 'nunc. Quisque', 196227.00, 492946.00, 1, '2012-06-12 16:56:23', 893, 39),
	(142, 'et netus', 143776.00, 284710.00, 1, '2013-04-02 13:01:19', 818, 24),
	(143, 'vehicula risus.', 476212.00, 495822.00, 0, '2013-08-06 08:25:45', 468, 3),
	(144, 'vitae erat', 494565.00, 717750.00, 1, '2013-06-17 20:01:04', 943, 43),
	(145, 'et libero.', 770203.00, 901288.00, 1, '2014-01-26 10:13:04', 721, 5),
	(146, 'tempor, est', 989147.00, 848057.00, 0, '2012-10-20 09:33:47', 877, 44),
	(147, 'ipsum. Suspendisse', 124119.00, 72501.00, 0, '2012-10-22 10:42:05', 691, 5),
	(148, 'Sed et', 284206.00, 834273.00, 0, '2013-09-09 13:24:21', 877, 42),
	(149, 'eget magna.', 281858.00, 352502.00, 0, '2013-08-08 17:37:04', 467, 45),
	(150, 'ipsum ac', 882503.00, 961072.00, 1, '2012-07-15 03:32:45', 522, 47),
	(151, 'vulputate, nisi', 504323.00, 291702.00, 1, '2013-07-25 20:55:09', 318, 1),
	(152, 'ullamcorper. Duis', 294793.00, 306197.00, 1, '2013-01-03 22:20:12', 506, 12),
	(153, 'eleifend nec,', 802814.00, 629299.00, 0, '2013-12-04 10:32:28', 239, 7),
	(154, 'adipiscing ligula.', 220379.00, 522371.00, 0, '2013-12-16 06:00:55', 471, 47),
	(155, 'augue ut', 805389.00, 752354.00, 1, '2013-03-26 00:55:29', 953, 15),
	(156, 'dui nec', 571516.00, 835032.00, 0, '2013-03-23 23:13:35', 110, 34),
	(157, 'urna. Nullam', 83164.00, 613941.00, 1, '2013-06-29 06:25:55', 888, 24),
	(158, 'justo nec', 660583.00, 182475.00, 0, '2012-10-17 14:31:20', 521, 18),
	(159, 'commodo auctor', 419658.00, 323802.00, 0, '2013-07-09 11:23:57', 675, 18),
	(160, 'ipsum cursus', 636749.00, 895008.00, 0, '2013-07-18 00:52:23', 791, 36),
	(161, 'lorem, auctor', 482998.00, 596206.00, 0, '2012-09-27 23:39:21', 235, 24),
	(162, 'sed libero.', 336718.00, 805676.00, 0, '2013-12-14 01:01:33', 517, 12),
	(163, 'ornare tortor', 740297.00, 599814.00, 1, '2013-11-19 18:05:41', 389, 37),
	(164, 'ornare sagittis', 460225.00, 49111.00, 1, '2012-11-02 14:27:27', 698, 50),
	(165, 'enim commodo', 357625.00, 117070.00, 1, '2012-12-11 17:01:38', 675, 39),
	(166, 'sem mollis', 455868.00, 311326.00, 1, '2012-03-23 23:40:34', 541, 43),
	(167, 'ut erat.', 52209.00, 23203.00, 1, '2012-06-14 12:51:52', 171, 46),
	(168, 'diam luctus', 247083.00, 506783.00, 0, '2013-02-24 01:27:43', 631, 1),
	(169, 'rutrum magna.', 978332.00, 371145.00, 1, '2012-12-05 13:26:27', 508, 17),
	(170, 'Proin dolor.', 110741.00, 967791.00, 1, '2012-12-13 21:28:56', 781, 33),
	(171, 'fringilla ornare', 378882.00, 138334.00, 1, '2012-06-27 11:14:10', 273, 13),
	(172, 'a nunc.', 573971.00, 728651.00, 0, '2013-04-25 04:05:00', 261, 15),
	(173, 'ut quam', 226379.00, 312884.00, 0, '2013-07-08 08:11:35', 925, 35),
	(174, 'molestie tellus.', 549422.00, 171809.00, 1, '2013-02-18 04:54:17', 613, 32),
	(175, 'eu lacus.', 13163.00, 590792.00, 0, '2013-11-06 10:03:55', 637, 2),
	(176, 'Donec egestas.', 933474.00, 747149.00, 0, '2012-09-18 16:23:14', 743, 15),
	(177, 'enim. Etiam', 731350.00, 121138.00, 1, '2012-07-17 15:09:34', 514, 16),
	(178, 'eu turpis.', 479103.00, 87592.00, 0, '2013-10-01 11:37:33', 604, 36),
	(179, 'ultricies dignissim', 391427.00, 829718.00, 1, '2012-05-29 09:44:09', 684, 32),
	(180, 'erat eget', 144100.00, 232907.00, 1, '2013-11-16 09:24:07', 134, 3),
	(181, 'Pellentesque habitant', 728910.00, 146994.00, 0, '2012-10-10 09:35:11', 903, 16),
	(182, 'sit amet,', 534515.00, 836184.00, 1, '2013-12-31 23:02:10', 601, 21),
	(183, 'rutrum non,', 58408.00, 332012.00, 1, '2014-01-14 13:53:54', 725, 7),
	(184, 'Pellentesque habitant', 93498.00, 203702.00, 1, '2012-08-19 00:18:14', 217, 23),
	(185, 'ornare, elit', 281493.00, 607495.00, 1, '2013-12-27 10:02:33', 943, 44),
	(186, 'at auctor', 391202.00, 86743.00, 1, '2012-10-16 18:14:44', 318, 48),
	(187, 'suscipit nonummy.', 369252.00, 46364.00, 0, '2012-11-15 15:50:02', 806, 9),
	(188, 'lobortis quis,', 150968.00, 339923.00, 1, '2013-01-25 08:42:16', 682, 50),
	(189, 'Nunc sollicitudin', 363697.00, 739924.00, 0, '2013-12-16 02:16:09', 64, 24),
	(190, 'vitae sodales', 118230.00, 156771.00, 1, '2013-09-02 04:05:40', 52, 16),
	(191, 'Integer urna.', 475264.00, 332947.00, 1, '2012-12-09 12:59:57', 113, 11),
	(192, 'tincidunt tempus', 271313.00, 503223.00, 0, '2013-11-23 10:23:15', 796, 6),
	(193, 'ipsum ac', 582905.00, 164451.00, 1, '2013-03-24 04:02:10', 951, 45),
	(194, 'mauris ut', 816115.00, 101438.00, 0, '2013-07-09 06:31:08', 602, 8),
	(195, 'dolor sit', 250367.00, 965068.00, 1, '2012-11-13 20:52:48', 523, 6),
	(196, 'tincidunt pede', 987401.00, 641193.00, 0, '2013-05-07 03:43:07', 656, 4),
	(197, 'pellentesque massa', 557949.00, 130887.00, 0, '2013-09-11 04:46:42', 539, 50),
	(198, 'consequat nec,', 301183.00, 809595.00, 1, '2012-03-31 11:12:59', 664, 38),
	(199, 'tellus justo', 566807.00, 246419.00, 1, '2012-03-28 09:12:20', 434, 41),
	(200, 'lorem semper', 739102.00, 249961.00, 0, '2012-09-26 07:09:27', 49, 40);
/*!40000 ALTER TABLE `products` ENABLE KEYS */;


-- Dumping structure for table test.users
DROP TABLE IF EXISTS `users`;
CREATE TABLE IF NOT EXISTS `users` (
  `id` int(10) NOT NULL AUTO_INCREMENT,
  `first_name` varchar(64) NOT NULL,
  `last_name` varchar(64) NOT NULL,
  `brief` text NOT NULL,
  `salary` decimal(10,2) NOT NULL,
  `birth_date` datetime NOT NULL,
  `product_id` int(11) NOT NULL,
  PRIMARY KEY (`id`),
  KEY `product_id` (`product_id`)
) ENGINE=InnoDB DEFAULT CHARSET=latin1;

-- Dumping data for table test.users: ~0 rows (approximately)
/*!40000 ALTER TABLE `users` DISABLE KEYS */;
/*!40000 ALTER TABLE `users` ENABLE KEYS */;


-- Dumping structure for table test.vendors
DROP TABLE IF EXISTS `vendors`;
CREATE TABLE IF NOT EXISTS `vendors` (
  `id` mediumint(8) unsigned NOT NULL AUTO_INCREMENT,
  `name` text,
  `added` varchar(50) DEFAULT NULL,
  PRIMARY KEY (`id`)
) ENGINE=InnoDB DEFAULT CHARSET=latin1;

-- Dumping data for table test.vendors: ~50 rows (approximately)
/*!40000 ALTER TABLE `vendors` DISABLE KEYS */;
INSERT INTO `vendors` (`id`, `name`, `added`) VALUES
	(1, 'pede', '2012-03-12 00:17:53'),
	(2, 'sollicitudin', '2013-12-03 01:13:23'),
	(3, 'imperdiet', '2013-03-04 01:44:16'),
	(4, 'In', '2012-02-27 13:22:55'),
	(5, 'interdum.', '2014-01-01 20:11:10'),
	(6, 'natoque', '2013-01-08 02:44:03'),
	(7, 'sed,', '2013-09-01 20:57:39'),
	(8, 'In', '2012-09-24 15:07:59'),
	(9, 'nunc', '2012-07-19 17:44:31'),
	(10, 'lacus.', '2013-01-26 10:59:28'),
	(11, 'Curabitur', '2012-02-21 15:40:13'),
	(12, 'neque.', '2013-02-15 07:35:54'),
	(13, 'aliquet.', '2013-06-06 12:43:09'),
	(14, 'pharetra,', '2012-06-28 12:55:23'),
	(15, 'non', '2013-12-31 07:58:25'),
	(16, 'Donec', '2012-11-06 14:55:32'),
	(17, 'mauris', '2013-07-18 22:56:39'),
	(18, 'ridiculus', '2013-06-04 21:48:48'),
	(19, 'risus.', '2012-06-29 17:50:13'),
	(20, 'ullamcorper,', '2012-06-30 04:08:51'),
	(21, 'elit', '2012-02-21 08:46:07'),
	(22, 'sit', '2012-09-16 14:25:11'),
	(23, 'Sed', '2012-05-10 09:35:50'),
	(24, 'euismod', '2012-11-02 21:22:17'),
	(25, 'Proin', '2013-06-01 19:02:33'),
	(26, 'lectus', '2012-12-04 14:44:31'),
	(27, 'tristique', '2012-02-12 06:40:37'),
	(28, 'a', '2013-03-26 12:47:17'),
	(29, 'pellentesque', '2013-03-18 02:39:27'),
	(30, 'semper', '2013-10-04 13:08:43'),
	(31, 'ac', '2013-04-26 03:52:18'),
	(32, 'a,', '2012-07-02 22:34:17'),
	(33, 'nisi', '2013-09-04 21:09:44'),
	(34, 'auctor', '2013-11-27 21:25:03'),
	(35, 'Quisque', '2012-06-29 09:20:34'),
	(36, 'Praesent', '2013-01-31 14:11:13'),
	(37, 'ipsum', '2012-10-20 18:54:55'),
	(38, 'Fusce', '2013-12-17 01:49:57'),
	(39, 'in', '2012-08-11 11:10:35'),
	(40, 'placerat.', '2013-08-14 19:49:54'),
	(41, 'enim', '2013-07-17 17:08:45'),
	(42, 'erat.', '2012-04-10 02:28:05'),
	(43, 'vitae,', '2012-03-20 15:59:33'),
	(44, 'dolor', '2013-09-30 22:41:09'),
	(45, 'quam.', '2014-01-22 14:10:26'),
	(46, 'augue', '2012-10-27 12:52:27'),
	(47, 'Nullam', '2012-06-04 21:30:02'),
	(48, 'Cras', '2013-07-19 16:51:08'),
	(49, 'aliquam', '2012-04-06 01:52:11'),
	(50, 'elit.', '2012-04-18 00:51:29');
/*!40000 ALTER TABLE `vendors` ENABLE KEYS */;
/*!40014 SET FOREIGN_KEY_CHECKS=1 */;
/*!40101 SET CHARACTER_SET_CLIENT=@OLD_CHARACTER_SET_CLIENT */;
